field_id,score
cr:citeAs,0.7887784166764775
cr:isLiveDataset,0.022727272727272728
rai:annotationsPerItem,0.42452830188679247
rai:annotatorDemographics,0.6153846153846154
rai:dataAnnotationAnalysis,0.6824324324324325
rai:dataAnnotationPlatform,0.8
rai:dataAnnotationProtocol,0.8275862068965517
rai:dataBiases,0.5821917808219178
rai:dataCollection,0.9602272727272727
rai:dataCollectionMissingData,0.2564102564102564
rai:dataCollectionRawData,0.8465909090909091
rai:dataCollectionTimeframe,0.34
rai:dataCollectionType,0.6136363636363636
rai:dataImputationProtocol,0.1111111111111111
rai:dataLimitations,0.8197674418604651
rai:dataManipulationProtocol,0.45294117647058824
rai:dataPreprocessingProtocol,0.7411764705882353
rai:dataReleaseMaintenancePlan,0.5714285714285714
rai:dataSocialImpact,0.7647058823529411
rai:dataUseCases,0.9772727272727273
rai:machineAnnotationTools,0.6323529411764706
rai:personalSensitiveInformation,0.5405405405405406
sc:creator,0.6592519497436242
sc:datePublished,0.1590909090909091
sc:description,0.5383157299344128
sc:inLanguage,0.3013698630136986
sc:license,0.3076923076923077
sc:name,0.9318181818181818
sc:publisher,0.056338028169014086
sc:url,0.8809523809523809
